slug,name,univers,pays,site,product_count
davines,Davines,salon,IT,https://us.davines.com,138
r-co,R+Co,salon,US,https://www.randco.com,108
kerastase,Kérastase,luxe,FR,https://www.kerastase.com,104
as-i-am,As I Am,normal,US,https://asiamnaturally.com,98
umberto-giannini,Umberto Giannini,normal,GB,https://umbertogiannini.com,94
igk,IGK,salon,US,https://igkhair.com,93
alfaparf-milano,Alfaparf Milano,salon,IT,https://www.alfaparfmilanopro.com,91
wella-professionals,Wella Professionals,salon,DE,https://www.wella.com/professional/fr-FR,89
kenra,Kenra Professional,salon,US,https://www.kenraprofessional.com,81
oribe,Oribe,luxe,US,https://www.oribe.com,80
garnier-fructis,Garnier Fructis,petit-prix,FR,https://www.garnier.fr,79
luxeol,Luxéol,pharmacie,FR,https://luxeol.com,77
not-your-mothers,Not Your Mother's,petit-prix,US,https://www.nymbrands.com,71
activilong,Activilong,normal,FR,https://activilong.com,68
matrix,Matrix,salon,US,https://www.matrix.com,67
joico,Joico,salon,US,https://www.joico.eu,66
klorane,Klorane,pharmacie,FR,https://www.klorane.com,65
loreal-professionnel,L'Oréal Professionnel,salon,FR,https://www.lorealprofessionnel.fr,65
maria-nila,Maria Nila,salon,SE,https://www.marianila.com,64
rene-furterer,René Furterer,pharmacie,FR,https://www.renefurterer.com,64
hairlust,Hairlust,normal,DK,https://hairlust.com,62
kevin-murphy,Kevin Murphy,salon,AU,https://kevinmurphy.com.au,62
elvive-loreal-paris,Elvive (L'Oreal Paris),petit-prix,FR,https://www.loreal-paris.co.uk,61
moroccanoil,Moroccanoil,salon,IS,https://www.moroccanoil.com,61
nak-hair,NAK Hair,salon,AU,https://nakhair.com.au,61
phyto,Phyto,pharmacie,FR,https://fr.phyto.com,60
briogeo,Briogeo,normal,US,https://www.briogeohair.com,57
evo,evo,salon,AU,https://evohair.com,57
herbal-essences,Herbal Essences,petit-prix,US,https://herbalessences.com,54
paul-mitchell,Paul Mitchell,salon,US,https://www.paulmitchell.com,54
redken,Redken,salon,US,https://www.redken.eu/fr,54
design-essentials,Design Essentials,salon,US,https://designessentials.com,52
ouidad,Ouidad,salon,US,https://www.ouidad.com,51
virtue,Virtue,luxe,US,https://www.virtuelabs.com,51
amika,Amika,normal,US,https://loveamika.com,50
mielle,Mielle Organics,normal,US,https://mielleorganics.com,49
biolage,Biolage,salon,US,https://www.biolage.com,47
sachajuan,Sachajuan,luxe,SE,https://sachajuan.com,47
cantu,Cantu,petit-prix,US,https://www.cantubeauty.com,46
hask,HASK,petit-prix,US,https://haskbeauty.com,46
verb,Verb,normal,US,https://www.verbproducts.com,45
lazartigue,Lazartigue,pharmacie,FR,https://www.lazartigue.com,44
kristin-ess,Kristin Ess,petit-prix,US,https://kristinesshair.com,43
lavera,Lavera,normal,DE,https://www.lavera.fr,32
pattern-beauty,Pattern Beauty,normal,US,https://patternbeauty.com,42
camille-rose,Camille Rose,normal,US,https://camillerose.com,41
curlsmith,Curlsmith,normal,GB,https://curlsmith.com,33
bondi-boost,BondiBoost,normal,AU,https://bondiboost.com,37
rahua,Rahua,luxe,US,https://rahua.com,36
yves-rocher,Yves Rocher,petit-prix,FR,https://www.yves-rocher.ma,36
christophe-robin,Christophe Robin,luxe,FR,https://www.christopherobin.fr,35
leonor-greyl,Leonor Greyl,luxe,FR,https://www.leonorgreyl.com,35
living-proof,Living Proof,normal,US,https://www.livingproof.com,35
tgin,Thank God It's Natural,normal,US,https://tginatural.com,35
color-wow,Color Wow,salon,US,https://colorwowhair.com,34
odele,Odele,petit-prix,US,https://odelebeauty.com,34
hairstory,Hairstory,normal,US,https://hairstory.com,29
pantene,Pantene,petit-prix,US,https://www.pantene.com,31
head-and-shoulders,Head & Shoulders,petit-prix,US,https://www.headandshoulders.fr,30
nioxin,Nioxin,salon,US,https://www.nioxin.com,30
the-doux,The Doux,normal,US,https://thedoux.com,30
authentic-beauty-concept,Authentic Beauty Concept,salon,DE,https://www.authenticbeautyconcept.fr,29
noughty,Noughty,petit-prix,GB,https://noughtyhaircare.com,29
aussie,Aussie,petit-prix,AU,https://aussie.com,28
carols-daughter,Carol's Daughter,normal,US,https://www.carolsdaughter.com,28
ducray,Ducray,pharmacie,FR,https://www.ducray.com,27
les-secrets-de-loly,Les Secrets de Loly,normal,FR,https://www.secretsdeloly.com,27
percy-and-reed,Percy & Reed,normal,GB,https://www.percyandreed.com,27
devacurl,DevaCurl,salon,US,https://www.devacurl.com,25
pureology,Pureology,salon,US,https://www.pureology.co.uk,25
sisley-hair-rituel,Sisley Paris Hair Rituel,luxe,FR,https://www.sisley-paris.com,25
innersense,Innersense,normal,US,https://innersensebeauty.com,24
boucleme,Bouclème,normal,GB,https://www.boucleme.co.uk,23
cecred,Cécred,normal,US,https://cecred.com,23
olaplex,Olaplex,salon,US,https://olaplex.com,23
cattier,Cattier,pharmacie,FR,https://www.cattier-paris.com,22
dercos-vichy,Dercos (Vichy),pharmacie,FR,https://www.vichy.be,22
ethique,Ethique,normal,NO,https://ethique.com,22
le-petit-marseillais,Le Petit Marseillais,petit-prix,FR,https://www.lepetitmarseillais.com,22
vegamour,Vegamour,luxe,US,https://vegamour.com,22
act-and-acre,Act+Acre,luxe,US,https://actandacre.com,21
australian-bodycare,Australian Bodycare,pharmacie,DK,https://australian-bodycare.com,21
curl-keeper,Curl Keeper,normal,CA,https://curlkeeper.com,21
eden-bodyworks,EDEN BodyWorks,petit-prix,US,https://edenbodyworks.com,21
kalia-nature,Kalia Nature,normal,FR,https://kalianature.com,21
ouai,Ouai,normal,US,https://theouai.com,20
shea-butter-cottage,Shea Butter Cottage,normal,GB,https://sheabuttercottage.com,20
dphue,dpHUE,salon,US,https://www.dphue.com,18
function-of-beauty,Function of Beauty,normal,US,https://www.functionofbeauty.com,18
oyin-handmade,Oyin Handmade,normal,US,https://oyinhandmade.com,18
maui-moisture,Maui Moisture,petit-prix,US,https://www.mauimoisture.com,17
schwarzkopf,Schwarzkopf,petit-prix,DE,https://www.schwarzkopf.fr,17
hairburst,Hairburst,normal,GB,https://www.hairburst.com,16
nuxe,Nuxe,pharmacie,FR,https://www.nuxe.com,15
crown-affair,Crown Affair,luxe,US,https://crownaffair.com,14
jvn,JVN Hair,normal,US,https://jvnhair.com,14
forcapil,Forcapil (Arkopharma),pharmacie,FR,https://fr.arkopharma.com,13
jessicurl,Jessicurl,normal,US,https://www.jessicurl.com,13
k18,K18,salon,US,https://www.k18hair.com,13
bask-and-bloom,Bask & Bloom,normal,US,https://baskandbloomessentials.com,12
ceremonia,Ceremonia,normal,US,https://ceremonia.com,12
fable-and-mane,Fable & Mane,normal,IN,https://fableandmane.com,12
miss-jessies,Miss Jessie's,normal,US,https://missjessies.com,12
obia-naturals,OBIA Naturals,normal,US,https://obianaturals.com,11
bioderma,Bioderma,pharmacie,FR,https://www.bioderma.fr,10
noreva,Noreva,pharmacie,FR,https://noreva-laboratoires.com,10
shaeri,Shaeri,normal,FR,https://www.shaeri.fr,10
kinky-curly,Kinky-Curly,normal,US,https://www.kinky-curly.com,9
bread-beauty-supply,Bread Beauty Supply,normal,AU,https://breadbeautysupply.com,8
gisou,Gisou,luxe,NL,https://gisou.com,8
eucerin-dermocapillaire,Eucerin DermoCapillaire,pharmacie,DE,https://www.eucerin.fr,7
the-ordinary,The Ordinary,normal,CA,https://theordinary.com,4
kerium-la-roche-posay,Kerium (La Roche-Posay),pharmacie,FR,https://www.laroche-posay.be,3
caudalie,Caudalie,pharmacie,FR,https://fr.caudalie.com,2
